sample	PC1	PC2	PC3
DJ_pro	1228.93674519244	-156.71012334225372	1.736385374121994
GIC31_pro	-389.2385232271369	-182.78052186678008	-80.21276875356138
RW1_pro	-413.7545321685166	-202.7909903074056	151.44992517449214
RW2_pro	-383.7612395682757	-176.85724985139882	-76.7877968939159
Rleg_pro	-42.18245022851098	719.1388853678378	3.814255098863089
