sample	PC1	PC2	PC3
DJ	530.7032644832142	1012.002492321513	1.1104172678279949
GIC31	-608.0891423506832	-138.01805541236362	-79.19751978189012
RW1	-642.5038789770263	-138.56210641841517	151.96920397547132
RW2	-601.9763529546879	-136.23925139494176	-76.17806445681757
Rleg	1321.8661097991835	-599.1830790957928	2.295962995408488
