sample	PC1	PC2	PC3
DJ_pro	530.7032644832135	1012.0024923215157	1.1104172678279447
GIC31_pro	-608.0891423506827	-138.01805541236408	-79.1975197818904
RW1_pro	-642.5038789770255	-138.5621064184157	151.96920397547134
RW2_pro	-601.9763529546874	-136.23925139494227	-76.17806445681745
Rleg_pro	1321.866109799186	-599.1830790957928	2.295962995408385
