sample	PC1	PC2	PC3
DJ	530.703264483212	1012.0024923215148	1.1104172678280104
GIC31	-608.0891423506828	-138.01805541236465	-79.19751978189014
RW1	-642.5038789770258	-138.56210641841614	151.96920397547143
RW2	-601.9763529546868	-136.2392513949426	-76.17806445681772
Rleg	1321.8661097991867	-599.1830790957915	2.295962995408446
