sample	PC1	PC2	PC3
DJ	86739.69913123254	53967.93739218759	-16129.400930532876
GIC31	-62362.3899435191	-28712.218746733422	-9912.737759542977
RW1	-128180.00953299209	32280.965111224003	20531.708859988805
RW2	-59889.27173168708	-31685.763493176863	-11229.112223675374
Rleg	163691.97207696564	-25850.920263501288	16739.542053762354
