sample	PC1	PC2	PC3
DJ	86739.69913123256	53967.9373921876	-16129.400930532856
GIC31	-62362.38994351907	-28712.21874673345	-9912.73775954295
RW1	-128180.00953299202	32280.965111224003	20531.708859988827
RW2	-59889.27173168706	-31685.763493176863	-11229.112223675364
Rleg	163691.97207696558	-25850.920263501324	16739.54205376237
