sample	PC1	PC2	PC3
DJ	606.9543585777665	-467.1546332253771	0.23323540168002577
GIC31	-342.999745586251	-32.095761637286195	-30.731744736894772
RW1	-358.0176541586388	-42.93168425932095	90.87095425078388
RW2	-337.01523254731757	-30.516450021325415	-62.33109764116366
Rleg	431.07827371444074	572.69852914331	1.958652725594738
