sample	PC1	PC2	PC3
DJ	86739.6991312326	53967.93739218759	-16129.400930532847
GIC31	-62362.38994351904	-28712.218746733448	-9912.737759542939
RW1	-128180.00953299203	32280.96511122401	20531.708859988797
RW2	-59889.27173168707	-31685.76349317687	-11229.112223675344
Rleg	163691.97207696567	-25850.92026350131	16739.542053762343
