sample	PC1	PC2	PC3
DJ	476.3220460285405	1010.3221152293816	1.1292631167536809
GIC31	-599.7335517404533	-150.30679170086384	-89.02167486826178
RW1	-633.0351839404145	-152.24480333604401	150.07654835211193
RW2	-593.6795987054396	-148.07062122655796	-64.32380702094179
Rleg	1350.1262883577667	-559.6998989659143	2.139670420337911
