sample	PC1	PC2	PC3
DJ_pro	530.703264483213	1012.0024923215125	1.11041726782799
GIC31_pro	-608.0891423506823	-138.0180554123644	-79.19751978189007
RW1_pro	-642.5038789770257	-138.562106418416	151.96920397547112
RW2_pro	-601.9763529546875	-136.2392513949425	-76.1780644568175
Rleg_pro	1321.866109799186	-599.1830790957915	2.2959629954083955
