sample	PC1	PC2	PC3
DJ_pro	606.9543585777683	-467.1546332253752	0.23323540167997933
GIC31_pro	-342.99974558625087	-32.09576163728684	-30.73174473689473
RW1_pro	-358.0176541586388	-42.93168425932155	90.87095425078375
RW2_pro	-337.0152325473175	-30.516450021326037	-62.33109764116377
Rleg_pro	431.078273714439	572.6985291433102	1.9586527255946673
