sample	PC1	PC2	PC3
DJ	476.32204602853955	1010.3221152293821	1.1292631167537124
GIC31	-599.733551740454	-150.3067917008644	-89.02167486826171
RW1	-633.0351839404142	-152.2448033360446	150.07654835211213
RW2	-593.6795987054402	-148.07062122655847	-64.32380702094186
Rleg	1350.1262883577679	-559.699898965914	2.13967042033784
