sample	PC1	PC2	PC3
DJ	86739.69913123258	53967.93739218762	-16129.40093053287
GIC31	-62362.38994351908	-28712.21874673343	-9912.737759542946
RW1	-128180.00953299202	32280.96511122402	20531.708859988816
RW2	-59889.271731687084	-31685.76349317686	-11229.112223675364
Rleg	163691.97207696567	-25850.9202635013	16739.54205376236
