sample	PC1	PC2	PC3
DJ	606.9543585777672	-467.15463322537704	0.23323540168000026
GIC31	-342.99974558625087	-32.095761637286834	-30.731744736894957
RW1	-358.0176541586387	-42.93168425932163	90.87095425078391
RW2	-337.01523254731745	-30.51645002132607	-62.331097641163595
Rleg	431.07827371443983	572.6985291433103	1.9586527255947
