sample	PC1	PC2	PC3
DJ	1170.3873308960506	-246.82958223761085	1.4100512250210169
GIC31	-410.6187228966647	-174.69648346342737	-90.07776821013579
RW1	-435.861049478088	-196.4978473318824	149.22465448071864
RW2	-404.57646162783294	-168.26847987602443	-64.47944539738869
Rleg	80.66890310653596	786.2923929089459	3.9225079017847966
