sample	PC1	PC2	PC3
DJ	1170.3873308960528	-246.8295822376102	1.4100512250210002
GIC31	-410.6187228966652	-174.69648346342748	-90.07776821013597
RW1	-435.86104947808843	-196.49784733188275	149.22465448071867
RW2	-404.5764616278336	-168.26847987602457	-64.47944539738863
Rleg	80.66890310653515	786.2923929089457	3.922507901784803
